{
  "summary": {
    "total_spins": 500,
    "total_bet": 23950,
    "total_win": 17151,
    "net_result": -6799,
    "rtp_percentage": 71.61169102296451,
    "win_frequency": 32.4,
    "feature_frequency": 0.0,
    "war_drums_frequency": 0.0,
    "max_single_win": 1000,
    "session_id": 1760349018,
    "timestamp": "2025-10-13T17:50:18.292842"
  }
}